{
  "packages": [
    {
      "name": "Anidea Engineering AEI FX Series Controllers",
      "maintainer": "Gabriel Goldstein",
      "websiteURL": "https://anidea.github.io/aeifx/package_AEIFX300_index.json",
      "email": "support@anidea-engineering.com",
      "help": {
        "online": "http://www.anidea-engineering.com/"
      },
      "platforms": [
        {
          "name": "AEI FX Escape Game Controllers",
          "architecture": "avr",
          "version": "1.0.0",
          "category": "Contributed",
          "help": {
            "online": "http://www.anidea-engineering.com/fx300"
          },
          "url": "https://anidea.github.io/aeifx/aeifx-1.0.0.zip",
          "archiveFileName": "aeifx-1.0.0.zip",
          "checksum": "SHA-256:ec3ff8a1dc96d3ba6f432b9b837a35fd4174a34b3d2927de1d51010e8b94f9f1",
          "size": "15005",
          "boards": [
            {"name": "AEI FX300"}
          ],
          "toolsDependencies": [
            {
              "packager": "arduino",
              "name": "avr-gcc",
              "version": "4.8.1-arduino5"
            },
            {
              "packager": "arduino",
              "name": "avrdude",
              "version": "6.0.1-arduino5"
            }
          ]
        }
      ],
      "tools":[]
    }
  ]
}

